"","year","region","nontaxrev","subin","subsidies","shared_income","otherincome","totincome","T_goods","N_SOE","n_protest"
"1",2013,"Beijing",146.59,95.56,NA,3514.5169,NA,NA,89724.45196,NA,53
"2",2013,"Tianjin",768.41,59.98,NA,1310.662,NA,NA,91797.248422,NA,NA
"3",2013,"Hebei",570.75,94,NA,1724.8687,NA,NA,61529.600792,NA,2
"4",2013,"Shanxi",564.74,320.47,NA,1136.8875,NA,NA,11703.752214,NA,5
"5",2013,"Inner Mongolia",505.79,154.82,NA,1215.1973,NA,NA,9813.609674,NA,NA
"6",2013,NA,NA,NA,NA,NA,NA,NA,NA,NA,NA
"7",2013,"Liaoning",822.2,107.12,NA,2521.6155,NA,NA,82767.865092,NA,13
"8",2013,"Jilin",300.55,51.4,NA,856.4084,NA,NA,17180.028756,NA,12
"9",2013,"Heilongjiang",364.58,73.61,NA,912.8175,NA,NA,18684.331842,NA,NA
"10",2013,NA,NA,NA,NA,NA,NA,NA,NA,NA,NA
"11",2013,"Shanghai",312.35,115.68,NA,3797.1606,NA,NA,296177.588498,NA,10
"12",2013,"Jiangsu",1148.98,193.11,NA,5419.488,NA,NA,404627.383688,NA,1
"13",2013,"Zhejiang",251.26,121.4,NA,3545.6603,NA,NA,249276.168878,NA,7
"14",2013,"Anhui",554.86,103.26,NA,1520.2168,NA,NA,26548.572732,NA,2
"15",2013,"Fujian",396.16,78.79,NA,1723.2829,NA,NA,105357.423732,NA,9
"16",2013,"Jiangxi",442.49,62.96,NA,1178.7426,NA,NA,22950.952486,NA,NA
"17",2013,"Shangdong",1026.46,163.58,NA,3533.4906,NA,NA,214790.503334,NA,NA
"18",2013,NA,NA,NA,NA,NA,NA,NA,NA,NA,NA
"19",2013,"Henan",650.74,90.25,NA,1764.7107,NA,NA,42811.584288,NA,NA
"20",2013,"Hubei",586.37,68.73,NA,1604.848,NA,NA,24303.263688,NA,NA
"21",2013,"Hunan",731.73,62.09,NA,1299.1462,NA,NA,16583.55633,NA,8
"22",2013,"Guangdong",1313.53,233.09,NA,5767.9389,NA,NA,873772.663698,NA,23
"23",2013,"Guangxi",441.86,40.74,NA,875.7432,NA,NA,26390.719058,NA,5
"24",2013,"Hainan",69.38,11.17,NA,411.6331,NA,NA,10064.986008,NA,NA
"25",2013,NA,NA,NA,NA,NA,NA,NA,NA,NA,NA
"26",2013,"Chongqin",580.63,56.8,NA,1112.6179,NA,NA,40091.528906,NA,NA
"27",2013,"Sichuan",680.59,112.68,NA,2103.5091,NA,NA,37574.573806,NA,10
"28",2013,"Guizhou",366.75,73.84,NA,839.6672,NA,NA,3244.276046,NA,4
"29",2013,"Yunnan",395.64,163.24,NA,1215.6592,NA,NA,10792.175328,NA,10
"30",2013,"Xizang",23.49,4.08,NA,71.5366,NA,NA,1435.029618,NA,1
"31",2013,NA,NA,NA,NA,NA,NA,NA,NA,NA,NA
"32",2013,"Shaanxi",492.09,147.78,NA,1256.2435,NA,NA,13789.868818,NA,NA
"33",2013,"Gansu",189.55,60.79,NA,417.7266,NA,NA,4665.941192,NA,19
"34",2013,"Qinghai",48.81,19.76,NA,175.0516,NA,NA,583.60104,NA,NA
"35",2013,"Ningxia",70.85,18.8,NA,237.4913,NA,NA,1778.845596,NA,NA
"36",2013,"Xinjiang",302.15,162.64,NA,826.3414,NA,NA,25621.448974,NA,5
"37",2012,"Beijing",190.18,88,NA,3124.75,NA,NA,87750.151984,7211,175
"38",2012,"Tianjin",654.46,59.96,NA,1105.56,NA,NA,83782.280076,4336,2
"39",2012,"Hebei",523.69,96.88,NA,1560.59,NA,NA,56121.09459,5795,NA
"40",2012,"Shanxi",471.16,268.18,NA,1045.22,NA,NA,11315.56327,6005,4
"41",2012,"Inner Mongolia",432.88,138.64,NA,1119.87,NA,NA,9526.979396,2590,NA
"42",2012,NA,NA,NA,NA,NA,NA,NA,NA,NA,NA
"43",2012,"Liaoning",788.19,110.53,NA,2317.19,NA,NA,80706.408244,10093,27
"44",2012,"Jilin",280.68,49.42,NA,760.57,NA,NA,16694.240156,3057,51
"45",2012,"Heilongjiang",325.37,49.91,NA,837.8,NA,NA,19241.280322,5880,6
"46",2012,NA,NA,NA,NA,NA,NA,NA,NA,NA,NA
"47",2012,"Shanghai",316.92,104.7,NA,3426.79,NA,NA,296095.15584,5371,3
"48",2012,"Jiangsu",1078.1,179.34,NA,4782.59,NA,NA,401470.173808,7389,12
"49",2012,"Zhejiang",213.46,116.1,NA,3227.77,NA,NA,237463.761788,5438,85
"50",2012,"Anhui",487.63,87.48,NA,1305.09,NA,NA,22478.27329,5791,2
"51",2012,"Fujian",335.84,69.51,NA,1440.34,NA,NA,99702.283824,6768,117
"52",2012,"Jiangxi",393.91,52.03,NA,978.08,NA,NA,20620.728304,6277,64
"53",2012,"Shangdong",1009.23,138.9,NA,3050.2,NA,NA,202312.85503,9421,NA
"54",2012,NA,NA,NA,NA,NA,NA,NA,NA,NA,NA
"55",2012,"Henan",570.77,87.89,NA,1469.57,NA,NA,37055.159196,6450,NA
"56",2012,"Hubei",498.62,55.27,NA,1324.44,NA,NA,22122.598014,8266,NA
"57",2012,"Hunan",671.42,57.94,NA,1110.74,NA,NA,14630.494516,5857,56
"58",2012,"Guangdong",1155.3,202.56,NA,5073.88,NA,NA,760653.97903,11903,175
"59",2012,"Guangxi",403.6,31.49,NA,762.46,NA,NA,27876.55904,5362,12
"60",2012,"Hainan",58.63,8.82,NA,350.8,NA,NA,9930.28487,1563,21
"61",2012,NA,NA,NA,NA,NA,NA,NA,NA,NA,NA
"62",2012,"Chongqin",733.32,113.66,NA,970.17,NA,NA,30854.316306,3126,NA
"63",2012,"Sichuan",594.23,104.41,NA,1827.04,NA,NA,35260.779686,5505,1
"64",2012,"Guizhou",332.39,84.85,NA,681.66,NA,NA,3445.76067,3729,12
"65",2012,"Yunnan",274.25,88.58,NA,1063.9,NA,NA,8265.41034,3748,NA
"66",2012,"Xizang",16.52,1.91,NA,70.07,NA,NA,1442.700754,595,29
"67",2012,NA,NA,NA,NA,NA,NA,NA,NA,NA,NA
"68",2012,"Shaanxi",469.13,174.77,NA,1131.55,NA,NA,10359.394496,5303,NA
"69",2012,"Gansu",172.62,75.46,NA,347.78,NA,NA,4885.430616,2575,106
"70",2012,"Qinghai",39.73,20.96,NA,146.69,NA,NA,554.4319,968,1
"71",2012,"Ningxia",56.94,12.42,NA,207.02,NA,NA,1823.05079,729,NA
"72",2012,"Xinjiang",210.04,89.4,NA,698.93,NA,NA,22933.867704,2543,NA
"73",2011,"Beijing",151.65,79.39,NA,2854.63,NA,NA,265677.17836,7300,43
"74",2011,"Tianjin",450.62,34.48,NA,1004.51,NA,NA,70502.54794,4219,NA
"75",2011,"Hebei",389.26,99.98,NA,1348.51,NA,NA,36555.77288,5947,NA
"76",2011,"Shanxi",340.55,180.61,NA,872.88,NA,NA,10054.76692,5921,3
"77",2011,"Inner Mongolia",370.98,146.7,NA,985.69,NA,NA,8136.8738,2544,16
"78",2011,NA,NA,NA,NA,NA,NA,NA,NA,NA,6
"79",2011,"Liaoning",668.3,99.28,NA,1974.85,NA,NA,65496.4497,9556,121
"80",2011,"Jilin",225.91,36.48,NA,624.19,NA,NA,15045.55426,3032,54
"81",2011,"Heilongjiang",255.7,45.53,NA,741.85,NA,NA,26272.46776,5936,NA
"82",2011,NA,NA,NA,NA,NA,NA,NA,NA,NA,6
"83",2011,"Shanghai",257.11,97.22,NA,3172.72,NA,NA,298408.15884,5396,16
"84",2011,"Jiangsu",1024.29,160.76,NA,4124.62,NA,NA,367994.16698,7081,43
"85",2011,"Zhejiang",198.79,110.74,NA,2952.01,NA,NA,210995.63914,5371,5
"86",2011,"Anhui",355.25,79.99,NA,1108.31,NA,NA,21352.9085,5659,3
"87",2011,"Fujian",247.2,54.14,NA,1254.31,NA,NA,97882.29726,6690,89
"88",2011,"Jiangxi",276.34,49.05,NA,777.09,NA,NA,21461.72842,5415,NA
"89",2011,"Shangdong",852.79,130.8,NA,2603.13,NA,NA,160874.30656,8987,NA
"90",2011,NA,NA,NA,NA,NA,NA,NA,NA,NA,6
"91",2011,"Henan",458.65,90.6,NA,1263.1,NA,NA,22248.59956,6407,NA
"92",2011,"Hubei",459.79,48.79,NA,1067.11,NA,NA,22906.28626,8024,NA
"93",2011,"Hunan",601.67,73.77,NA,915.4,NA,NA,12919.64432,5783,69
"94",2011,"Guangdong",966.18,179.78,NA,4548.66,NA,NA,622984.71906,11817,318
"95",2011,"Guangxi",302.92,30.37,NA,644.8,NA,NA,15928.77154,5670,33
"96",2011,"Hainan",44.43,8.95,NA,295.69,NA,NA,8699.61928,1538,NA
"97",2011,NA,NA,NA,NA,NA,NA,NA,NA,NA,6
"98",2011,"Chongqin",607.26,66.36,NA,881.07,NA,NA,19919.61048,3022,NA
"99",2011,"Sichuan",507.37,97.3,NA,1537.42,NA,NA,32547.88394,5502,8
"100",2011,"Guizhou",254.93,85.91,NA,518.14,NA,NA,3333.32956,3630,91
"101",2011,"Yunnan",229.21,80.32,NA,881.95,NA,NA,10931.62114,3615,NA
"102",2011,"Xizang",8.93,0.2,NA,45.83,NA,NA,926.40834,588,NA
"103",2011,NA,NA,NA,NA,NA,NA,NA,NA,NA,6
"104",2011,"Shaanxi",566.35,365.16,NA,933.84,NA,NA,9989.43814,5136,NA
"105",2011,"Gansu",166.08,84.84,NA,284.04,NA,NA,5952.89156,2431,29
"106",2011,"Qinghai",31.96,19.56,NA,119.85,NA,NA,630.04524,909,NA
"107",2011,"Ningxia",42.85,11.55,NA,177.13,NA,NA,1558.8815,733,NA
"108",2011,"Xinjiang",127.02,46.39,NA,593.41,NA,NA,15563.01494,2464,NA
"109",2010,"Beijing",102.34,48.16,NA,2251.5896,NA,NA,205774.0971,16500,96
"110",2010,"Tianjin",292.16,20.73,NA,776.6475,NA,NA,55992.2341,7800,NA
"111",2010,"Hebei",257.81,75.98,NA,1074.0428,NA,NA,28685.17234,8600,7
"112",2010,"Shanxi",276.96,153.6,NA,692.706,NA,NA,8576.98886,8400,NA
"113",2010,"Inner Mongolia",317.16,124.5,NA,752.8129,NA,NA,5953.68268,4400,NA
"114",2010,NA,NA,NA,NA,NA,NA,NA,NA,0,NA
"115",2010,"Liaoning",488.18,55.02,NA,1516.653,NA,NA,55045.6863,13700,1
"116",2010,"Jilin",163.1,20.11,NA,439.3099,NA,NA,11488.41276,4400,26
"117",2010,"Heilongjiang",198.61,36.49,NA,556.9664,NA,NA,17401.51644,8600,NA
"118",2010,NA,NA,NA,NA,NA,NA,NA,NA,0,NA
"119",2010,"Shanghai",165.78,49.94,NA,2707.802,NA,NA,251624.3433,12400,12
"120",2010,"Jiangsu",767.25,107.37,NA,3312.606,NA,NA,317674.89072,12600,31
"121",2010,"Zhejiang",143.51,83.75,NA,2464.9571,NA,NA,172910.63812,10200,1
"122",2010,"Anhui",282.84,73.79,NA,866.5517,NA,NA,16554.43834,8300,3
"123",2010,"Fujian",185.4,35.23,NA,966.0899,NA,NA,74190.20378,9500,1
"124",2010,"Jiangxi",192.98,35.45,NA,585.1073,NA,NA,14744.28076,7500,4
"125",2010,"Shangdong",599.48,103.9,NA,2149.8997,NA,NA,129004.58978,14700,NA
"126",2010,NA,NA,NA,NA,NA,NA,NA,NA,0,NA
"127",2010,"Henan",364.77,89.04,NA,1016.5461,NA,NA,12161.08982,9700,1
"128",2010,"Hubei",233.27,34.45,NA,777.9599,NA,NA,17685.69902,11300,NA
"129",2010,"Hunan",350.85,52.48,NA,730.8356,NA,NA,9995.65798,8100,14
"130",2010,"Guangdong",713.57,97.35,NA,3803.4715,NA,NA,535299.15384,19400,74
"131",2010,"Guangxi",238.13,22.67,NA,533.8656,NA,NA,12097.93662,7600,5
"132",2010,"Hainan",33.89,7.93,NA,237.0999,NA,NA,5898.33156,2200,NA
"133",2010,NA,NA,NA,NA,NA,NA,NA,NA,0,NA
"134",2010,"Chongqin",330.52,38.5,NA,621.5564,NA,NA,8475.26174,5800,NA
"135",2010,"Sichuan",381.09,61.16,NA,1180.5792,NA,NA,22297.21252,8900,8
"136",2010,"Guizhou",138.16,59.07,NA,395.5742,NA,NA,2146.1176,5100,NA
"137",2010,"Yunnan",169.02,52.8,NA,702.1636,NA,NA,9159.34184,5800,NA
"138",2010,"Xizang",11.37,1.18,NA,25.277,NA,NA,570.19974,700,NA
"139",2010,NA,NA,NA,NA,NA,NA,NA,NA,0,NA
"140",2010,"Shaanxi",247.64,88.4,NA,710.5654,NA,NA,8253.34576,7000,7
"141",2010,"Gansu",133.3,59.02,NA,220.2883,NA,NA,5048.8119,3800,1
"142",2010,"Qinghai",21.27,13.3,NA,88.9426,NA,NA,538.07072,1300,NA
"143",2010,"Ningxia",26.77,8.92,NA,126.7854,NA,NA,1336.71318,1100,NA
"144",2010,"Xinjiang",84.34,32.44,NA,416.2343,NA,NA,11682.73502,4200,1
"145",2009,"Beijing",112.84,44.01,NA,1913.9702,NA,NA,33842.12898,NA,42
"146",2009,"Tianjin",207.72,16.44,NA,614.2718,NA,NA,11699.028,NA,4
"147",2009,"Hebei",227.79,60.89,NA,839.3286,NA,NA,3572.73884,NA,2
"148",2009,"Shanxi",223.92,115.15,NA,581.9108,NA,NA,1203.30716,NA,NA
"149",2009,"Inner Mongolia",274.03,109.76,NA,576.8306,NA,NA,1788.2381,NA,NA
"150",2009,NA,NA,NA,NA,NA,NA,NA,NA,NA,NA
"151",2009,"Liaoning",407.24,45.67,NA,1183.9821,NA,NA,12979.46936,NA,10
"152",2009,"Jilin",125.98,18.93,NA,361.1132,NA,NA,1753.02644,NA,1
"153",2009,"Heilongjiang",197.35,49.92,NA,444.3132,NA,NA,2036.70434,NA,NA
"154",2009,NA,NA,NA,NA,NA,NA,NA,NA,NA,NA
"155",2009,"Shanghai",171.84,42.3,NA,2368.4528,NA,NA,37310.86964,NA,9
"156",2009,"Jiangsu",574.03,91.33,NA,2654.7485,NA,NA,31123.99752,NA,1
"157",2009,"Zhejiang",158.7,67.11,NA,1983.8146,NA,NA,18981.84684,NA,6
"158",2009,"Anhui",234.59,47.05,NA,629.3236,NA,NA,2282.54488,NA,NA
"159",2009,"Fujian",154.28,27.28,NA,778.144,NA,NA,14472.35372,NA,32
"160",2009,"Jiangxi",151.28,22.01,NA,430.0204,NA,NA,1107.6021,NA,NA
"161",2009,"Shangdong",478.29,87.41,NA,1720.3455,NA,NA,17043.01632,NA,NA
"162",2009,NA,NA,NA,NA,NA,NA,NA,NA,NA,NA
"163",2009,"Henan",304.56,63.83,NA,821.5047,NA,NA,1556.9378,NA,8
"164",2009,"Hubei",198.8,28.36,NA,616.0604,NA,NA,2197.99052,NA,8
"165",2009,"Hunan",279.34,40.64,NA,568.2748,NA,NA,1713.33404,NA,32
"166",2009,"Guangdong",519.2,81.95,NA,3130.6117,NA,NA,116007.43616,NA,18
"167",2009,"Guangxi",203.31,18.09,NA,417.682,NA,NA,1387.04478,NA,3
"168",2009,"Hainan",27,6.19,NA,151.2437,NA,NA,878.32052,NA,13
"169",2009,NA,NA,NA,NA,NA,NA,NA,NA,NA,NA
"170",2009,"Chongqin",219.55,20.33,NA,435.6228,NA,NA,1217.9838,NA,NA
"171",2009,"Sichuan",287.92,57.56,NA,886.6725,NA,NA,1735.8264,NA,5
"172",2009,"Guizhou",104.77,46.56,NA,311.7071,NA,NA,450.10636,NA,32
"173",2009,"Yunnan",150.15,42.2,NA,548.1063,NA,NA,1236.30232,NA,NA
"174",2009,"Xizang",11.58,2,NA,18.5065,NA,NA,88.87142,NA,65
"175",2009,NA,NA,NA,NA,NA,NA,NA,NA,NA,NA
"176",2009,"Shaanxi",202.47,70.46,NA,532.7984,NA,NA,1459.53456,NA,16
"177",2009,"Gansu",110.55,46.75,NA,176.0411,NA,NA,388.41946,NA,36
"178",2009,"Qinghai",17.57,7.7,NA,70.1653,NA,NA,108.93586,NA,NA
"179",2009,"Ningxia",20.84,6.7,NA,90.7389,NA,NA,302.07144,NA,NA
"180",2009,"Xinjiang",87.66,28.7,NA,301.1283,NA,NA,1544.07528,NA,19
"181",2008,"Beijing",617.481,408.569,NA,17755.757,NA,NA,185294.5578,NA,92
"182",2008,"Tianjin",1293.581,149.369,NA,5462.605,NA,NA,54833.37288,NA,NA
"183",2008,"Hebei",1986.987,548.216,NA,7488.871,NA,NA,26202.80146,NA,NA
"184",2008,"Shanxi",1815.112,969.561,NA,5664.935,NA,NA,9817.43092,NA,NA
"185",2008,"Inner Mongolia",1862.283,721.142,NA,4644.481,NA,NA,6082.40336,NA,NA
"186",2008,NA,NA,NA,NA,NA,NA,NA,NA,NA,NA
"187",2008,"Liaoning",3389.825,506.693,NA,10170.987,NA,NA,49399.8857,NA,1
"188",2008,"Jilin",1117.22,227.328,NA,3110.741,NA,NA,9092.51266,NA,1
"189",2008,"Heilongjiang",1580.694,822.315,NA,4202.079,NA,NA,15775.06238,NA,NA
"190",2008,NA,NA,NA,NA,NA,NA,NA,NA,NA,NA
"191",2008,"Shanghai",1353.18,429.598,NA,22234.284,NA,NA,219641.72142,NA,10
"192",2008,"Jiangsu",4526.993,917.887,NA,22787.081,NA,NA,267529.45626,NA,NA
"193",2008,"Zhejiang",1412.996,726.397,NA,17920.894,NA,NA,143993.20386,NA,1
"194",2008,"Anhui",1966.848,476.458,NA,5279.349,NA,NA,13765.3857,NA,NA
"195",2008,"Fujian",1289.506,271.093,NA,7044.526,NA,NA,57847.96974,NA,28
"196",2008,"Jiangxi",1306.841,269.731,NA,3579.635,NA,NA,9287.42826,NA,NA
"197",2008,"Shangdong",4235.217,812.681,NA,15335.324,NA,NA,108033.92182,NA,NA
"198",2008,NA,NA,NA,NA,NA,NA,NA,NA,NA,NA
"199",2008,"Henan",2666.275,647.329,NA,7422.734,NA,NA,11920.90988,NA,NA
"200",2008,"Hubei",1736.426,298.06,NA,5372.066,NA,NA,14121.26694,NA,1
"201",2008,"Hunan",2364.011,395.819,NA,4863.111,NA,NA,8557.18358,NA,1
"202",2008,"Guangdong",4455.341,860.284,NA,28647.894,NA,NA,467148.7216,NA,15
"203",2008,"Guangxi",1719.31,220.854,NA,3464.935,NA,NA,9027.06794,NA,NA
"204",2008,"Hainan",243.194,72.327,NA,1205.39,NA,NA,3088.45064,NA,3
"205",2008,NA,NA,NA,NA,NA,NA,NA,NA,NA,NA
"206",2008,"Chongqin",2172.813,208.691,NA,3602.925,NA,NA,6493.58798,NA,NA
"207",2008,"Sichuan",3095.864,469.061,NA,7320.739,NA,NA,15081.5093,NA,12
"208",2008,"Guizhou",870.424,406.489,NA,2607.992,NA,NA,2295.75522,NA,NA
"209",2008,"Yunnan",1316.636,503.778,NA,4823.882,NA,NA,6545.09944,NA,NA
"210",2008,"Xizang",96.958,15.8,NA,151.865,NA,NA,522.29606,NA,47
"211",2008,NA,NA,NA,NA,NA,NA,NA,NA,NA,NA
"212",2008,"Shaanxi",1358.707,359.535,NA,4556.043,NA,NA,5680.26206,NA,6
"213",2008,"Gansu",1021.601,317.268,NA,1628.049,NA,NA,4157.08326,NA,87
"214",2008,"Qinghai",156.726,82.85,NA,558.966,NA,NA,469.77524,NA,NA
"215",2008,"Ningxia",172.658,65.871,NA,777.432,NA,NA,1281.7508,NA,NA
"216",2008,"Xinjiang",745.107,353.432,NA,2865.509,NA,NA,15152.23952,NA,NA
"217",2007,"Beijing",569.672,374.795,NA,14356.708,NA,NA,131625.83632,NA,NA
"218",2007,"Tianjin",1020.746,134.613,NA,4383.644,NA,NA,48728.71586,NA,NA
"219",2007,"Hebei",1708.235,479.234,NA,6182.963,NA,NA,17406.96562,NA,NA
"220",2007,"Shanxi",1673.868,960.966,NA,4305.002,NA,NA,7897.20536,NA,NA
"221",2007,"Inner Mongolia",1444.558,624.687,NA,3479.057,NA,NA,5275.87698,NA,NA
"222",2007,NA,NA,NA,NA,NA,NA,NA,NA,NA,NA
"223",2007,"Liaoning",2670.263,508.452,NA,8156.685,NA,NA,40561.5067,NA,NA
"224",2007,"Jilin",833.03,171.692,NA,2373.862,NA,NA,7023.236,NA,NA
"225",2007,"Heilongjiang",1055.028,337.144,NA,3349.661,NA,NA,11796.27438,NA,NA
"226",2007,NA,NA,NA,NA,NA,NA,NA,NA,NA,NA
"227",2007,"Shanghai",989.996,405.937,NA,19754.796,NA,NA,192906.34616,NA,2
"228",2007,"Jiangsu",3429.576,768.617,NA,18947.7,NA,NA,238339.76078,NA,NA
"229",2007,"Zhejiang",1141.433,632.037,NA,15353.548,NA,NA,120609.90634,NA,3
"230",2007,"Anhui",1418.174,238.569,NA,4018.799,NA,NA,10865.82178,NA,NA
"231",2007,"Fujian",1054.341,213.206,NA,5940.236,NA,NA,50773.11316,NA,7
"232",2007,"Jiangxi",1079.937,165.149,NA,2818.573,NA,NA,6443.90428,NA,NA
"233",2007,"Shangdong",3670.464,729.652,NA,13083.516,NA,NA,83527.56808,NA,NA
"234",2007,NA,NA,NA,NA,NA,NA,NA,NA,NA,NA
"235",2007,"Henan",2370.648,548.857,NA,6250.156,NA,NA,8719.45866,NA,NA
"236",2007,"Hubei",1563.793,237.615,NA,4339.759,NA,NA,10140.6239,NA,NA
"237",2007,"Hunan",1958.908,292.169,NA,4106.6,NA,NA,6605.7497,NA,4
"238",2007,"Guangdong",3703.283,738.799,NA,24154.724,NA,NA,432514.8179,NA,6
"239",2007,"Guangxi",1361.456,163.642,NA,2826.809,NA,NA,6314.638,NA,7
"240",2007,"Hainan",203,48.649,NA,879.935,NA,NA,2396.82762,NA,1
"241",2007,NA,NA,NA,NA,NA,NA,NA,NA,NA,NA
"242",2007,"Chongqin",1482.408,182.646,NA,2944.592,NA,NA,5072.67508,NA,NA
"243",2007,"Sichuan",2219.077,364.914,NA,6289.529,NA,NA,9805.87784,NA,3
"244",2007,"Guizhou",732.863,248.499,NA,2118.512,NA,NA,1548.3446,NA,NA
"245",2007,"Yunnan",1080.785,360.549,NA,3786.361,NA,NA,5997.21474,NA,NA
"246",2007,"Xizang",84.745,10.618,NA,116.667,NA,NA,268.33972,NA,NA
"247",2007,NA,NA,NA,NA,NA,NA,NA,NA,NA,NA
"248",2007,"Shaanxi",1197.351,357.529,NA,3555.047,NA,NA,4697.16588,NA,NA
"249",2007,"Gansu",488.575,122.819,NA,1420.532,NA,NA,3767.14294,NA,1
"250",2007,"Qinghai",134.228,69.465,NA,432.855,NA,NA,417.43174,NA,NA
"251",2007,"Ningxia",212.441,105.466,NA,587.871,NA,NA,1078.59664,NA,NA
"252",2007,"Xinjiang",652.14,284.588,NA,2206.46,NA,NA,9354.19606,NA,NA
"253",2006,"Beijing",NA,354.845,1387.52,10754.018,417496,11171514,107780.9800914,NA,11
"254",2006,"Tianjin",NA,109.381,1387.52,4036.173,134306,4170479,43963.0429436,NA,8
"255",2006,"Hebei",NA,423.728,1387.52,5701.895,503445,6205340,12638.05834588,NA,NA
"256",2006,"Shanxi",NA,1969.464,1387.52,3815.021,2018731,5833752,4519.681513908,NA,NA
"257",2006,"Inner Mongolia",NA,184.955,1387.52,3197.174,236600,3433774,4065.279296606,NA,NA
"258",2006,NA,NA,NA,1387.52,0,0,NA,0,NA,NA
"259",2006,"Liaoning",NA,344.99,1387.52,7765.481,411237,8176718,33002.14401418,NA,4
"260",2006,"Jilin",NA,122.859,1387.52,2287.461,164584,2452045,5397.37379665,NA,2
"261",2006,"Heilongjiang",NA,285.213,1387.52,3547.769,320671,3868440,8768.16486304,NA,NA
"262",2006,NA,NA,NA,1387.52,0,0,NA,0,NA,NA
"263",2006,"Shanghai",NA,330.676,1387.52,15316.803,443939,15760742,155171.5016038,NA,4
"264",2006,"Jiangsu",NA,615.232,1387.52,15873.419,693401,16566820,193673.2576152,NA,26
"265",2006,"Zhejiang",NA,527.201,1387.52,12394.624,587420,12982044,94894.576315,NA,NA
"266",2006,"Anhui",NA,228.934,1387.52,3995.259,285006,4280265,8351.18292932,NA,NA
"267",2006,"Fujian",NA,170.931,1387.52,5155.835,255872,5411707,42733.86974692,NA,1
"268",2006,"Jiangxi",NA,133.501,1387.52,2821.468,233746,3055214,4224.896900862,NA,NA
"269",2006,"Shangdong",NA,608.806,1387.52,12796.43,766096,13562526,64935.82154356,NA,NA
"270",2006,NA,NA,NA,1387.52,0,0,NA,0,NA,NA
"271",2006,"Henan",NA,368.617,1387.52,6287.308,504407,6791715,6679.894137488,NA,NA
"272",2006,"Hubei",NA,197.765,1387.52,4469.26,291563,4760823,8021.81625344,NA,NA
"273",2006,"Hunan",NA,252.462,1387.52,4260.262,519012,4779274,5014.23870112,NA,NA
"274",2006,"Guangdong",NA,629.308,1387.52,20778.447,1016161,21794608,359549.783131,NA,19
"275",2006,"Guangxi",NA,140.641,1387.52,3189.824,235964,3425788,4547.277020748,NA,NA
"276",2006,"Hainan",NA,23.694,1387.52,782.127,36012,818139,1941.113952162,NA,4
"277",2006,NA,NA,NA,1387.52,0,0,NA,0,NA,NA
"278",2006,"Chongqin",NA,156.487,1387.52,2972.254,204911,3177165,3730.321097778,NA,NA
"279",2006,"Sichuan",NA,314.933,1387.52,5660.492,415358,6075850,7516.19878988,NA,1
"280",2006,"Guizhou",NA,139.163,1387.52,1976.857,291300,2268157,1103.280253042,NA,NA
"281",2006,"Yunnan",NA,262.609,1387.52,3283.805,515897,3799702,4245.338478678,NA,NA
"282",2006,"Xizang",NA,4.262,1387.52,108.677,36930,145607,223.95282074,NA,NA
"283",2006,NA,NA,NA,1387.52,0,0,NA,0,NA,NA
"284",2006,"Shaanxi",NA,251.484,1387.52,3317.734,307071,3624805,3655.716765866,NA,NA
"285",2006,"Gansu",NA,113.194,1387.52,1269.17,142982,1412152,2608.603413262,NA,NA
"286",2006,"Qinghai",NA,37.407,1387.52,368.885,53552,422437,444.475823924,NA,NA
"287",2006,"Ningxia",NA,50.935,1387.52,553.993,59577,613570,980.120566942,NA,NA
"288",2006,"Xinjiang",NA,165.168,1387.52,2013.72,180908,2194628,6208.429048118,NA,NA
"289",2005,"Beijing",NA,329.862,998.47,8818.599,373499,9192098,85595.3820546,NA,15
"290",2005,"Tianjin",NA,89.995,998.47,3209.428,109079,3318507,36334.78064172,NA,NA
"291",2005,"Hebei",NA,328.512,998.47,4761.122,395895,5157017,10959.98097106,NA,NA
"292",2005,"Shanxi",NA,480.872,998.47,3174.806,508631,3683437,3782.136643846,NA,NA
"293",2005,"Inner Mongolia",NA,240.019,998.47,2499.324,275229,2774553,3325.605065684,NA,NA
"294",2005,NA,NA,NA,998.47,0,0,NA,NA,NA,NA
"295",2005,"Liaoning",NA,288.998,998.47,6408.725,344043,6752768,27971.04682548,NA,NA
"296",2005,"Jilin",NA,109.115,998.47,1923.398,148122,2071520,4451.907138514,NA,1
"297",2005,"Heilongjiang",NA,225.915,998.47,2927.66,254396,3182056,6524.023733128,NA,NA
"298",2005,NA,NA,NA,998.47,0,0,NA,NA,NA,NA
"299",2005,"Shanghai",NA,290.35,998.47,13850.909,323067,14173976,127081.6552478,NA,NA
"300",2005,"Jiangsu",NA,486.895,998.47,12691.566,535187,13226753,155443.3239568,NA,NA
"301",2005,"Zhejiang",NA,418.43,998.47,10199.139,466825,10665964,73239.7451874,NA,NA
"302",2005,"Anhui",NA,182.499,998.47,3110.176,229994,3340170,6219.422924264,NA,NA
"303",2005,"Fujian",NA,120.693,998.47,4157.056,168947,4326003,37108.42981362,NA,NA
"304",2005,"Jiangxi",NA,96.294,998.47,2337.206,192030,2529236,2772.061383388,NA,4
"305",2005,"Shangdong",NA,497.05,998.47,10132.574,598676,10731250,52333.86451986,NA,NA
"306",2005,NA,NA,NA,998.47,0,0,NA,NA,NA,NA
"307",2005,"Henan",NA,303.3,998.47,4945.179,431335,5376514,5268.394279236,NA,1
"308",2005,"Hubei",NA,117.526,998.47,3556.661,198556,3755217,6175.340654626,NA,NA
"309",2005,"Hunan",NA,229.895,998.47,3533.946,418705,3952651,4092.128996208,NA,2
"310",2005,"Guangdong",NA,524.155,998.47,17207.394,864650,18072044,291872.1072212,NA,2
"311",2005,"Guangxi",NA,106.123,998.47,2640.58,189779,2830359,3533.785560228,NA,NA
"312",2005,"Hainan",NA,21.133,998.47,653.667,33135,686802,1733.874460758,NA,NA
"313",2005,NA,NA,NA,998.47,0,0,NA,NA,NA,NA
"314",2005,"Chongqin",NA,123.271,998.47,2416,152072,2568072,2927.718348346,NA,NA
"315",2005,"Sichuan",NA,227.695,998.47,4511.104,285531,4796635,5389.139315692,NA,NA
"316",2005,"Guizhou",NA,103.746,998.47,1651.155,173808,1824963,957.236084222,NA,NA
"317",2005,"Yunnan",NA,167.894,998.47,2841.505,284985,3126490,3235.026729264,NA,NA
"318",2005,"Xizang",NA,3.469,998.47,96.122,24190,120312,140.12944198,NA,2
"319",2005,NA,NA,NA,998.47,0,0,NA,NA,NA,NA
"320",2005,"Shaanxi",NA,119.655,998.47,2603.533,149650,2753183,3121.42403738,NA,NA
"321",2005,"Gansu",NA,84.942,998.47,1130.537,104489,1235026,1793.847009856,NA,7
"322",2005,"Qinghai",NA,24.273,998.47,299.522,38700,338222,281.875341946,NA,NA
"323",2005,"Ningxia",NA,26.914,998.47,443.07,34146,477216,659.203613266,NA,NA
"324",2005,"Xinjiang",NA,118.049,998.47,1676.25,126934,1803184,5415.411966228,NA,NA
"325",2004,"Beijing",NA,277.055,795.8,7127.26,317614,7444874,64500.64786,NA,3
"326",2004,"Tianjin",NA,72.14,795.8,2353.753,108047,2461800,28663.51202,NA,NA
"327",2004,"Hebei",NA,226.207,795.8,3772.672,305601,4078273,9224.6297,NA,NA
"328",2004,"Shanxi",NA,278.083,795.8,2262.416,301218,2563634,3670.85818,NA,NA
"329",2004,"Inner Mongolia",NA,112.404,795.8,1827.326,140263,1967589,2538.20622,NA,NA
"330",2004,NA,NA,NA,795.8,NA,0,NA,NA,NA,NA
"331",2004,"Liaoning",NA,224.418,795.8,5036.134,260271,5296405,23468.20652,NA,NA
"332",2004,"Jilin",NA,79.446,795.8,1567.881,94926,1662807,4631.0869,NA,NA
"333",2004,"Heilongjiang",NA,215.993,795.8,2650.469,243731,2894200,4630.098,NA,NA
"334",2004,NA,NA,NA,795.8,NA,0,NA,NA,NA,NA
"335",2004,"Shanghai",NA,258.817,795.8,10772.571,289361,11061932,109126.76544,NA,NA
"336",2004,"Jiangsu",NA,381.625,795.8,9377.997,426942,9804939,116519.02482,NA,NA
"337",2004,"Zhejiang",NA,344.491,795.8,7680.837,378642,8059479,58109.72816,NA,NA
"338",2004,"Anhui",NA,117.114,795.8,2596.778,149506,2746284,4918.28392,NA,NA
"339",2004,"Fujian",NA,98.182,795.8,3189.162,146068,3335230,32413.42082,NA,1
"340",2004,"Jiangxi",NA,73.792,795.8,1906.498,151169,2057667,2406.0619,NA,NA
"341",2004,"Shangdong",NA,353.922,795.8,7850.456,432850,8283306,41368.90604,NA,NA
"342",2004,NA,NA,NA,795.8,NA,0,NA,NA,NA,NA
"343",2004,"Henan",NA,241.639,795.8,4002.565,285234,4287799,4514.5331,NA,NA
"344",2004,"Hubei",NA,83.699,795.8,2964.797,139667,3104464,4614.28242,NA,NA
"345",2004,"Hunan",NA,151.525,795.8,2895.838,310441,3206279,3712.48064,NA,NA
"346",2004,"Guangdong",NA,440.758,795.8,13534.537,650519,14185056,243563.08284,NA,1
"347",2004,"Guangxi",NA,90.047,795.8,2209.091,168630,2377721,2917.06404,NA,NA
"348",2004,"Hainan",NA,18.44,795.8,544.634,25724,570358,2319.95258,NA,NA
"349",2004,NA,NA,NA,795.8,NA,0,NA,NA,NA,NA
"350",2004,"Chongqin",NA,84.495,795.8,1898.755,107486,2006241,2630.5763,NA,NA
"351",2004,"Sichuan",NA,159.445,795.8,3652.657,205191,3857848,4683.28718,NA,2
"352",2004,"Guizhou",NA,70.729,795.8,1362.106,130749,1492855,1032.36386,NA,NA
"353",2004,"Yunnan",NA,135.221,795.8,2368.446,265172,2633618,2551.47794,NA,NA
"354",2004,"Xizang",NA,3.106,795.8,82.409,17779,100188,136.32498,NA,NA
"355",2004,NA,NA,NA,795.8,NA,0,NA,NA,NA,NA
"356",2004,"Shaanxi",NA,100.424,795.8,2027.858,121728,2149586,2484.10316,NA,NA
"357",2004,"Gansu",NA,72.133,795.8,947.861,93739,1041600,1202.4683,NA,NA
"358",2004,"Qinghai",NA,15.108,795.8,244.528,25432,269960,392.50464,NA,NA
"359",2004,"Ningxia",NA,19.1,795.8,351.588,23089,374677,619.39922,NA,NA
"360",2004,"Xinjiang",NA,107.814,795.8,1442.644,114396,1557040,3842.74264,NA,NA
"361",2003,"Beijing",NA,215.243,617.28,5683.172,NA,NA,46717.11594,NA,8
"362",2003,"Tianjin",NA,60.031,617.28,1959.239,NA,NA,20011.54408,NA,NA
"363",2003,"Hebei",NA,166.549,617.28,3133.988,NA,NA,6123.1665,NA,2
"364",2003,"Shanxi",NA,109.097,617.28,1727.892,NA,NA,2107.46866,NA,NA
"365",2003,"Inner Mongolia",NA,51.762,617.28,1303.811,NA,NA,1929.39164,NA,NA
"366",2003,NA,NA,NA,617.28,0,NA,NA,NA,NA,NA
"367",2003,"Liaoning",NA,180.998,617.28,4259.813,NA,NA,18079.25394,NA,NA
"368",2003,"Jilin",NA,60.639,617.28,1465.041,NA,NA,4193.21562,NA,NA
"369",2003,"Heilongjiang",NA,140.902,617.28,2298.329,NA,NA,3634.6508,NA,NA
"370",2003,NA,NA,NA,617.28,0,NA,NA,NA,NA,NA
"371",2003,"Shanghai",NA,197.772,617.28,8644.275,NA,NA,76615.5731,NA,13
"372",2003,"Jiangsu",NA,234.098,617.28,7719.576,NA,NA,77487.0668,NA,1
"373",2003,"Zhejiang",NA,259.011,617.28,6786.834,NA,NA,41882.17242,NA,NA
"374",2003,"Anhui",NA,76.418,617.28,2102.441,NA,NA,4056.40642,NA,1
"375",2003,"Fujian",NA,82.689,617.28,2920.787,NA,NA,24092.01146,NA,NA
"376",2003,"Jiangxi",NA,49.309,617.28,1574.521,NA,NA,1724.13692,NA,NA
"377",2003,"Shangdong",NA,285.982,617.28,6756.892,NA,NA,30442.31124,NA,NA
"378",2003,NA,NA,NA,617.28,0,NA,NA,NA,NA,NA
"379",2003,"Henan",NA,141.795,617.28,3198.536,NA,NA,3213.69994,NA,1
"380",2003,"Hubei",NA,76.81,617.28,2460.296,NA,NA,3484.5426,NA,NA
"381",2003,"Hunan",NA,99.509,617.28,2455.807,NA,NA,2545.46952,NA,4
"382",2003,"Guangdong",NA,335.068,617.28,12611.911,NA,NA,193363.89314,NA,NA
"383",2003,"Guangxi",NA,65.425,617.28,1904.614,NA,NA,2173.3635,NA,NA
"384",2003,"Hainan",NA,13.822,617.28,495.803,NA,NA,1551.49544,NA,NA
"385",2003,NA,NA,NA,617.28,0,NA,NA,NA,NA,NA
"386",2003,"Chongqin",NA,48.764,617.28,1546.201,NA,NA,1769.62632,NA,NA
"387",2003,"Sichuan",NA,111.47,617.28,3208.984,NA,NA,3842.58578,NA,NA
"388",2003,"Guizhou",NA,52.411,617.28,1133.254,NA,NA,671.31306,NA,NA
"389",2003,"Yunnan",NA,88.781,617.28,2074.056,NA,NA,1820.34666,NA,NA
"390",2003,"Xizang",NA,2.58,617.28,66.347,NA,NA,109.02452,NA,NA
"391",2003,NA,NA,NA,617.28,0,NA,NA,NA,NA,NA
"392",2003,"Shaanxi",NA,67.904,617.28,1685.985,NA,NA,1897.74684,NA,1
"393",2003,"Gansu",NA,49.334,617.28,805.809,NA,NA,905.10948,NA,NA
"394",2003,"Qinghai",NA,14.557,617.28,219.381,NA,NA,231.29348,NA,NA
"395",2003,"Ningxia",NA,11.846,617.28,283.402,NA,NA,445.50286,NA,NA
"396",2003,"Xinjiang",NA,66.712,617.28,1210.648,NA,NA,3253.04452,NA,NA
"397",2014,"Beijing",165.87,103.38,NA,3861.29,NA,NA,97601.47012,17075,128
"398",2014,"Tianjin",903.47,44.69,NA,1486.88,NA,NA,98494.90376,7959,NA
"399",2014,"Hebei",580.56,95.25,NA,1866.06,NA,NA,64291.29432,8721,4
"400",2014,"Shanxi",686.29,444.21,NA,1134.34,NA,NA,12624.9112,8851,NA
"401",2014,"Inner Mongolia",592.6,162.51,NA,1251.07,NA,NA,1043.30996,4742,NA
"402",2014,NA,NA,NA,NA,NA,NA,NA,NA,NA,NA
"403",2014,"Liaoning",862.21,105.53,NA,2330.57,NA,NA,85515.14796,12448,60
"404",2014,"Jilin",318.98,47.63,NA,884.4,NA,NA,18439.0976,4755,113
"405",2014,"Heilongjiang",323.92,47.91,NA,977.4,NA,NA,20067.12708,7192,NA
"406",2014,NA,NA,NA,NA,NA,NA,NA,NA,NA,NA
"407",2014,"Shanghai",366.5,124.6,NA,4219.05,NA,NA,308675.06186,10539,41
"408",2014,"Jiangsu",1227.1,209.33,NA,6006.05,NA,NA,415426.29854,15767,NA
"409",2014,"Zhejiang",268.06,128.33,NA,3853.96,NA,NA,257979.83992,11759,22
"410",2014,"Anhui",525.92,129.45,NA,1692.52,NA,NA,294641.87522,10036,24
"411",2014,"Fujian",468.48,80.7,NA,1893.73,NA,NA,112191.53704,11143,3
"412",2014,"Jiangxi",500.7,67.21,NA,1381.13,NA,NA,26675.17512,8101,96
"413",2014,"Shangdong",1061.07,153.52,NA,3965.76,NA,NA,223975.70866,14662,NA
"414",2014,NA,NA,NA,NA,NA,NA,NA,NA,NA,NA
"415",2014,"Henan",787.8,101.42,NA,1951.46,NA,NA,46700.0523,10473,6
"416",2014,"Hubei",693.78,7.39,NA,1873.11,NA,NA,27857.77676,11102,NA
"417",2014,"Hunan",824.27,61.53,NA,1438.52,NA,NA,19300.69548,8317,17
"418",2014,"Guangdong",1554.61,255.71,NA,6510.47,NA,NA,847004.80546,19916,206
"419",2014,"Guangxi",444.21,42.99,NA,978.07,NA,NA,30613.28864,6952,NA
"420",2014,"Hainan",74.75,12.11,NA,480.55,NA,NA,11544.76642,2252,NA
"421",2014,NA,NA,NA,NA,NA,NA,NA,NA,NA,NA
"422",2014,"Chongqin",640.19,48.53,NA,1281.83,NA,NA,563030.94474,5925,NA
"423",2014,"Sichuan",748.61,110.74,NA,2312.46,NA,NA,41763.55898,9041,3
"424",2014,"Guizhou",339.97,65.08,NA,1026.7,NA,NA,3504.17738,6004,NA
"425",2014,"Yunnan",464.83,168.16,NA,1233.23,NA,NA,13581.19796,6235,12
"426",2014,"Xizang",38.41,3.76,NA,85.86,NA,NA,1456.49284,916,4
"427",2014,NA,NA,NA,NA,NA,NA,NA,NA,NA,NA
"428",2014,"Shaanxi",554.72,123.42,NA,1335.68,NA,NA,18883.44106,8476,NA
"429",2014,"Gansu",182.41,42.64,NA,490.26,NA,NA,3591.90986,4217,87
"430",2014,"Qinghai",52.28,19.26,NA,199.39,NA,NA,422.8741,1618,NA
"431",2014,"Ningxia",89.54,22.07,NA,250.33,NA,NA,2736.81144,1107,NA
"432",2014,"Xinjiang",394.54,205.71,NA,887.79,NA,NA,26522.07294,7047,4
"433",2015,"Beijing",459.95,283.39,NA,4263.91,NA,NA,89188.85008,17315,92
"434",2015,"Tianjin",1089.05,161.5,NA,1578.07,NA,NA,81130.74046,8379,30
"435",2015,"Hebei",714.89,217.22,NA,1934.29,NA,NA,54729.94758,9769,10
"436",2015,"Shanxi",585.75,386.54,NA,1056.6,NA,NA,11898.79262,9690,NA
"437",2015,"Inner Mongolia",643.74,198.17,NA,1320.75,NA,NA,9483.9261,5107,10
"438",2015,NA,NA,NA,NA,NA,NA,NA,NA,NA,NA
"439",2015,"Liaoning",476.94,161.04,NA,1650.45,NA,NA,73023.91558,13263,11
"440",2015,"Jilin",362.23,94.11,NA,867.12,NA,NA,13625.60298,5166,19
"441",2015,"Heilongjiang",285.53,76.37,NA,880.34,NA,NA,11132.63382,7453,NA
"442",2015,NA,NA,NA,NA,NA,NA,NA,NA,NA,NA
"443",2015,"Shanghai",661.34,324.86,NA,4858.16,NA,NA,288511.29538,11003,3
"444",2015,"Jiangsu",1418.47,463.64,NA,6610.12,NA,NA,396223.74286,17978,29
"445",2015,"Zhejiang",614.732,446.68,NA,4168.22,NA,NA,244878.12206,12025,3
"446",2015,"Anhui",654.41,226.69,NA,1799.89,NA,NA,28980.15098,11111,8
"447",2015,"Fujian",605.53,193.09,NA,1938.71,NA,NA,100640.2848,11966,38
"448",2015,"Jiangxi",648.71,128.09,NA,1517.03,NA,NA,27723.83196,8938,9
"449",2015,"Shangdong",1326.21,336.88,NA,4203.12,NA,NA,189851.33398,17766,NA
"450",2015,NA,NA,NA,NA,NA,NA,NA,NA,NA,NA
"451",2015,"Henan",914.88,201.2,NA,2101.17,NA,NA,52484.3671,14213,19
"452",2015,"Hubei",919.03,196.76,NA,2086.5,NA,NA,30391.8296,13203,NA
"453",2015,"Hunan",987.91,187.93,NA,1527.52,NA,NA,199965.20302,9080,10
"454",2015,"Guangdong",1989.71,598.77,NA,7377.07,NA,NA,794658.54336,20962,60
"455",2015,"Guangxi",483.51,127.31,NA,1031.65,NA,NA,31516.91136,7460,NA
"456",2015,"Hainan",113.39,39.35,NA,514.31,NA,NA,10581.35958,2351,10
"457",2015,NA,NA,NA,NA,NA,NA,NA,NA,NA,NA
"458",2015,"Chongqin",703.9,106.27,NA,1450.93,NA,NA,40041.46806,6684,NA
"459",2015,"Sichuan",1001.93,304.45,NA,2353.51,NA,NA,32014.28714,9814,17
"460",2015,"Guizhou",377.35,96.34,NA,1126.03,NA,NA,5339.88268,6880,NA
"461",2015,"Yunnan",597.61,244.58,NA,1210.54,NA,NA,12951.6574,7954,21
"462",2015,"Xizang",45.13,6.16,NA,92,NA,NA,453.47544,937,2
"463",2015,NA,NA,NA,NA,NA,NA,NA,NA,NA,NA
"464",2015,"Shaanxi",769.63,228.68,NA,1290.33,NA,NA,20376.17538,9305,6
"465",2015,"Gansu",214.07,62.14,NA,529.79,NA,NA,2975.4978,4661,157
"466",2015,"Qinghai",61.33,26.15,NA,205.81,NA,NA,403.08928,1692,NA
"467",2015,"Ningxia",117.13,37.58,NA,256.31,NA,NA,2311.06612,1226,NA
"468",2015,"Xinjiang",469.12,245.31,NA,861.73,NA,NA,18460.14412,7912,4
"469",2016,"Beijing",628.29,375.16,NA,4452.97,NA,NA,80798.14,17503,106
"470",2016,"Tianjin",1099.28,204.54,NA,1624.22,NA,NA,70638.745,8797,3
"471",2016,"Hebei",853.75,187.8,NA,1996.12,NA,NA,49454.915,10747,3
"472",2016,"Shanxi",520.33,149.46,NA,1036.67,NA,NA,12431.671,9850,NA
"473",2016,"Inner Mongolia",680.55,122.04,NA,1335.88,NA,NA,8724.042,5693,30
"474",2016,NA,NA,NA,NA,NA,NA,NA,NA,NA,1
"475",2016,"Liaoning",513.04,152.91,NA,1687.45,NA,NA,634390.502,13490,5
"476",2016,"Jilin",390.81,92.921,NA,872.97,NA,NA,12699.256,5352,101
"477",2016,"Heilongjiang",320.56,66.01,NA,827.85,NA,NA,9206.461,7948,2
"478",2016,NA,NA,NA,NA,NA,NA,NA,NA,NA,1
"479",2016,"Shanghai",780.23,377.64,NA,5652.9,NA,NA,267419.896,11395,7
"480",2016,"Jiangsu",1589.4,484.42,NA,6531.83,NA,NA,361054.945,20904,21
"481",2016,"Zhejiang",761.89,474.02,NA,4540.09,NA,NA,226583.321,12158,10
"482",2016,"Anhui",815.26,209.1,NA,1857.53,NA,NA,270422.229,11826,12
"483",2016,"Fujian",692.11,214.61,NA,1962.72,NA,NA,90292.178,12053,9
"484",2016,"Jiangxi",680.37,120.78,NA,1471.1,NA,NA,23314.812,9134,27
"485",2016,"Shangdong",1647.59,322.24,NA,4212.59,NA,NA,180543.359,20899,NA
"486",2016,NA,NA,NA,NA,NA,NA,NA,NA,NA,1
"487",2016,"Henan",995.03,241.07,NA,2158.44,NA,NA,49044,15632,NA
"488",2016,"Hubei",979.13,195.31,NA,2122.93,NA,NA,25741.052,13062,32
"489",2016,"Hunan",1146.55,171.84,NA,1551.33,NA,NA,15318.488,11014,82
"490",2016,"Guangdong",2291.72,863.02,NA,8098.63,NA,NA,700369.34,22050,186
"491",2016,"Guangxi",520.05,120.17,NA,1036.22,NA,NA,29052.008,7052,3
"492",2016,"Hainan",132.55,43.3,NA,504.96,NA,NA,8042.557,2429,NA
"493",2016,NA,NA,NA,NA,NA,NA,NA,NA,NA,1
"494",2016,"Chongqin",789.46,9630,NA,1438.45,NA,NA,34222.315,7353,NA
"495",2016,"Sichuan",1059.62,209.9,NA,2329.23,NA,NA,31767.811,10289,15
"496",2016,"Guizhou",440.9,88.45,NA,1120.44,NA,NA,3432.65,7955,6
"497",2016,"Yunnan",638.77,225.45,NA,1173.542,NA,NA,11520.24,9178,NA
"498",2016,"Xizang",56.94,7.87,NA,99.05,NA,NA,391.209,975,14
"499",2016,NA,NA,NA,NA,NA,NA,NA,NA,NA,1
"500",2016,"Shaanxi",629.6,156.66,NA,1204.39,NA,NA,19455.658,9857,NA
"501",2016,"Gansu",260.97,67.25,NA,526,NA,NA,2960.5,4842,84
"502",2016,"Qinghai",62.03,19.92,NA,176.48,NA,NA,343.782,1776,NA
"503",2016,"Ningxia",141.11,33.06,NA,246.55,NA,NA,2047.387,1314,NA
"504",2016,"Xinjiang",429.77,93.65,NA,869.18,NA,NA,16512.606,8465,NA
"505",2017,"Beijing",754.11,462.3,NA,4676.68,NA,NA,8228,17711,40
"506",2017,"Tianjin",698.4,293.77,NA,1611.96,NA,NA,8240,8879,NA
"507",2017,"Hebei",1034.48,NA,NA,2199.35,NA,NA,5528.9,10473,NA
"508",2017,"Shanxi",469.57,115.86,NA,1397.43,NA,NA,1407.3,11060,1
"509",2017,"Inner Mongolia",416.3,113.98,NA,1286.91,NA,NA,1076.7,5722,NA
"510",2017,NA,NA,NA,NA,NA,NA,NA,NA,NA,6
"511",2017,"Liaoning",580.35,149.18,NA,1812.42,NA,NA,7625.3,14058,NA
"512",2017,"Jilin",356.88,95.95,NA,854.03,NA,NA,1340.2,5790,17
"513",2017,"Heilongjiang",341.41,65.74,NA,901.91,NA,NA,1131.1,8225,NA
"514",2017,NA,NA,NA,NA,NA,NA,NA,NA,NA,6
"515",2017,"Shanghai",776.75,344.23,NA,5865.51,NA,NA,30286.4,11706,6
"516",2017,"Jiangsu",1687.21,493.05,NA,6484.33,NA,NA,43096.4,22014,7
"517",2017,"Zhejiang",863.64,465.56,NA,4940.74,NA,NA,26020.6,12991,4
"518",2017,"Anhui",841.77,239.05,NA,1970.68,NA,NA,3452.5,12738,10
"519",2017,"Fujian",756.39,249.17,NA,2052.64,NA,NA,10373,12632,12
"520",2017,"Jiangxi",732.05,122.88,NA,151.01,NA,NA,2502.3,9764,9
"521",2017,"Shangdong",1679.23,310.39,NA,4419.4,NA,NA,21427.9,18645,NA
"522",2017,NA,NA,NA,NA,NA,NA,NA,NA,NA,6
"523",2017,"Henan",1077.91,283.27,NA,2329.31,NA,NA,5487.3,14556,1
"524",2017,"Hubei",1000.49,196.38,NA,2247.82,NA,NA,3127.7,13511,6
"525",2017,"Hunan",998.69,175.44,NA,1759.13,NA,NA,2029.5,12911,30
"526",2017,"Guangdong",2448.46,873.93,NA,887.89,NA,NA,75410.4,24617,7
"527",2017,"Guangxi",557.44,134.8,NA,1057.69,NA,NA,3558.6,7043,NA
"528",2017,"Hainan",130.54,53.41,NA,543.56,NA,NA,925.6,2592,5
"529",2017,NA,NA,NA,NA,NA,NA,NA,NA,NA,6
"530",2017,"Chongqin",776.05,92.47,NA,1476.33,NA,NA,3828,7988,NA
"531",2017,"Sichuan",1147.66,222.75,NA,2430.32,NA,NA,4503.7,11682,19
"532",2017,"Guizhou",434.11,91.25,NA,1179.73,NA,NA,548.5,9604,NA
"533",2017,"Yunnan",652.32,202.84,NA,1233.85,NA,NA,1443.6,9558,7
"534",2017,"Xizang",63.13,15.59,NA,122.7,NA,NA,41.5,1016,NA
"535",2017,NA,NA,NA,NA,NA,NA,NA,NA,NA,6
"536",2017,"Shaanxi",521.11,159.59,NA,1485.58,NA,NA,2741.9,10722,4
"537",2017,"Gansu",268.59,76.11,NA,547.14,NA,NA,337.5,4951,69
"538",2017,"Qinghai",62.23,15.58,NA,183.96,NA,NA,30.5,2124,NA
"539",2017,"Ningxia",147.29,31.66,NA,270.3,NA,NA,292.8,1295,NA
"540",2017,"Xinjiang",522.14,123.32,NA,944.38,NA,NA,2057.5,9222,NA
"541",2018,"Beijing",797.09,496.76,NA,4988.83,NA,NA,8385.9,17711,29
"542",2018,"Tianjin",481.35,227.65,NA,1624.89,NA,NA,967.3,8879,NA
"543",2018,"Hebei",958.04,274.38,NA,2555.82,NA,NA,5762.1,1043,3
"544",2018,"Shanxi",647.03,134.11,NA,1645.67,NA,NA,1624.4,11060,NA
"545",2018,"Inner Mongolia",457.79,127.39,NA,1399.86,NA,NA,1308,5722,NA
"546",2018,NA,NA,NA,NA,NA,NA,NA,NA,NA,16
"547",2018,"Liaoning",639.95,156.37,NA,1976.13,NA,NA,8839.2,14058,NA
"548",2018,"Jilin",349.14,94.43,NA,891.75,NA,NA,1420,5790,27
"549",2018,"Heilongjiang",301.79,67.42,NA,980.8,NA,NA,158.9,8225,NA
"550",2018,NA,NA,NA,NA,NA,NA,NA,NA,NA,16
"551",2018,"Shanghai",823.11,437.32,NA,6285.04,NA,NA,35052.3,11706,10
"552",2018,"Jiangsu",1366.51,478.74,NA,7263.65,NA,NA,47301.3,22014,4
"553",2018,"Zhejiang",1011.58,529.78,NA,5586.63,NA,NA,29115.5,12991,1
"554",2018,"Anhui",867.93,280.97,NA,2180.74,NA,NA,3916.5,12738,NA
"555",2018,"Fujian",769.99,289.3,NA,2237.42,NA,NA,11392.9,12632,1
"556",2018,"Jiangxi",709.86,145.921,NA,1663.15,NA,NA,2714.3,9764,NA
"557",2018,"Shangdong",1587.47,351.96,NA,4897.92,NA,NA,24020.8,18645,NA
"558",2018,NA,NA,NA,NA,NA,NA,NA,NA,NA,16
"559",2018,"Henan",1109.36,350.07,NA,2656.65,NA,NA,5818.3,14556,NA
"560",2018,"Hubei",843.56,237.02,NA,2463.52,NA,NA,3384.5,13511,1
"561",2018,"Hunan",901.18,232.25,NA,1959.67,NA,NA,2341.9,12911,NA
"562",2018,"Guangdong",2367.74,956.92,NA,9737.51,NA,NA,79969.1,24617,30
"563",2018,"Guangxi",559.36,137.9,NA,1122.09,NA,NA,3990,7043,NA
"564",2018,"Hainan",123.98,36.4,NA,628.68,NA,NA,1201.2,2592,NA
"565",2018,NA,NA,NA,NA,NA,NA,NA,NA,NA,16
"566",2018,"Chongqin",662.51,118.34,NA,1603.03,NA,NA,4505.9,7988,NA
"567",2018,"Sichuan",1091.24,255.17,NA,2819.77,NA,NA,6153.4,11682,4
"568",2018,"Guizhou",460.84,125.22,NA,1266.02,NA,NA,550.6,9604,NA
"569",2018,"Yunnan",571.1,179.42,NA,1423.25,NA,NA,1792.7,9558,NA
"570",2018,"Xizang",74.42,11.18,NA,155.93,NA,NA,41.9,1016,10
"571",2018,NA,NA,NA,NA,NA,NA,NA,NA,NA,16
"572",2018,"Shaanxi",468.85,175.94,NA,1774.29,NA,NA,3442.3,10722,4
"573",2018,"Gansu",260.58,79.19,NA,1610.47,NA,NA,427.3,4951,84
"574",2018,"Qinghai",67.4,19.23,NA,205.49,NA,NA,38.7,2124,NA
"575",2018,"Ningxia",138.22,40.68,NA,298.3,NA,NA,266.1,1295,NA
"576",2018,"Xinjiang",479.62,150,NA,1051.8,NA,NA,2295.1,9222,NA
"577",2002,"Beijing",NA,185.259,645.07,5144.252,10389,5339900,35808.60778,NA,6
"578",2002,"Tianjin",NA,49.095,645.07,1654.903,14325,1718323,15557.3748,NA,NA
"579",2002,"Hebei",NA,140.103,645.07,2841.367,41598,3023068,4545.7005,NA,NA
"580",2002,"Shanxi",NA,75.808,645.07,1415.337,17100,1508245,1576.47028,NA,NA
"581",2002,"Inner Mongolia",NA,42.54,645.07,1070.369,15637,1128546,1660.00164,NA,NA
"582",2002,NA,NA,NA,645.07,NA,NA,NA,NA,NA,NA
"583",2002,"Liaoning",NA,161.274,645.07,3812.121,23493,3996888,14826.4413,NA,1
"584",2002,"Jilin",NA,61.173,645.07,1244.627,9085,1314885,2525.09136,NA,NA
"585",2002,"Heilongjiang",NA,149.876,645.07,2150.577,18455,2318908,2966.1203,NA,NA
"586",2002,NA,NA,NA,645.07,NA,NA,NA,NA,NA,NA
"587",2002,"Shanghai",NA,160.703,645.07,6922,6815,7089518,49531.68902,NA,NA
"588",2002,"Jiangsu",NA,201.826,645.07,6209.936,25204,6436966,47936.78428,NA,NA
"589",2002,"Zhejiang",NA,217.226,645.07,5445.002,6294,5668522,28613.82832,NA,NA
"590",2002,"Anhui",NA,62.785,645.07,1906.312,33057,2002154,2851.42154,NA,NA
"591",2002,"Fujian",NA,68.129,645.07,2621.178,39560,2728867,19367.00634,NA,NA
"592",2002,"Jiangxi",NA,39.715,645.07,1319.351,46391,1405457,1155.62854,NA,NA
"593",2002,"Shangdong",NA,243.128,645.07,5762.675,96439,6102242,23143.31536,NA,NA
"594",2002,NA,NA,NA,645.07,NA,NA,NA,NA,NA,NA
"595",2002,"Henan",NA,114.046,645.07,2829.087,24046,2967179,2184.55512,NA,NA
"596",2002,"Hubei",NA,64.158,645.07,2306.217,64028,2434403,2696.04148,NA,NA
"597",2002,"Hunan",NA,82.387,645.07,2120.88,108192,2311459,1961.32288,NA,NA
"598",2002,"Guangdong",NA,297.316,645.07,11531.69,187120,12016126,150787.68342,NA,8
"599",2002,"Guangxi",NA,66.098,645.07,1730.594,70628,1867320,1657.59418,NA,NA
"600",2002,"Hainan",NA,10.5,645.07,445.582,6303,462385,1273.1576,NA,NA
"601",2002,NA,NA,NA,645.07,NA,NA,NA,NA,NA,NA
"602",2002,"Chongqin",NA,41.145,645.07,68.702,10827,120674,1222.87374,NA,NA
"603",2002,"Sichuan",NA,96.59,645.07,2763.641,58515,2918746,3047.53746,NA,NA
"604",2002,"Guizhou",NA,39.766,645.07,997.367,45667,1082800,471.58254,NA,NA
"605",2002,"Yunnan",NA,84.67,645.07,1879.245,103679,2067594,1518.65032,NA,NA
"606",2002,"Xizang",NA,2.078,645.07,57.6,13404,73082,88.91234,NA,NA
"607",2002,NA,NA,NA,645.07,NA,NA,NA,NA,NA,NA
"608",2002,"Shaanxi",NA,70.538,645.07,1414.844,17552,1502934,1516.78846,NA,NA
"609",2002,"Gansu",NA,42.137,645.07,705.212,15083,762432,598.3868,NA,1
"610",2002,"Qinghai",NA,8.082,645.07,197.993,4890,210965,134.10848,NA,NA
"611",2002,"Ningxia",NA,10.64,645.07,251.337,2737,264714,302.06462,NA,NA
"612",2002,"Xinjiang",NA,56.888,645.07,1083.072,24764,1164724,1835.7394,NA,NA
"613",2001,"Beijing",NA,136.227,741.51,4399.647,NA,NA,35151.17342,NA,4
"614",2001,"Tianjin",NA,39.989,741.51,1592.875,NA,NA,12393.36538,NA,NA
"615",2001,"Hebei",NA,126.067,741.51,2665.134,NA,NA,3912.84542,NA,NA
"616",2001,"Shanxi",NA,59.673,741.51,1246.226,NA,NA,1323.74836,NA,NA
"617",2001,"Inner Mongolia",NA,33.623,741.51,946.619,NA,NA,1387.6654,NA,NA
"618",2001,NA,NA,NA,741.51,NA,NA,NA,NA,NA,NA
"619",2001,"Liaoning",NA,141.908,741.51,3544.349,NA,NA,13508.4763,NA,NA
"620",2001,"Jilin",NA,51.123,741.51,1146.643,NA,NA,2187.0717,NA,NA
"621",2001,"Heilongjiang",NA,123.281,741.51,1985.658,NA,NA,2308.06532,NA,NA
"622",2001,NA,NA,NA,741.51,NA,NA,NA,NA,NA,NA
"623",2001,"Shanghai",NA,128.095,741.51,5964.012,NA,NA,41529.1283,NA,NA
"624",2001,"Jiangsu",NA,179.664,741.51,5503.882,NA,NA,35021.33426,NA,NA
"625",2001,"Zhejiang",NA,177.034,741.51,4819.222,NA,NA,22368.65202,NA,NA
"626",2001,"Anhui",NA,55.147,741.51,1838.998,NA,NA,2468.81954,NA,NA
"627",2001,"Fujian",NA,66.175,741.51,2606.94,NA,NA,15433.33264,NA,NA
"628",2001,"Jiangxi",NA,34.891,741.51,1251.254,NA,NA,1044.10108,NA,NA
"629",2001,"Shangdong",NA,216.762,741.51,5458.956,NA,NA,19746.43022,NA,NA
"630",2001,NA,NA,NA,741.51,NA,NA,NA,NA,NA,NA
"631",2001,"Henan",NA,106.848,741.51,2533.889,NA,NA,1897.16032,NA,NA
"632",2001,"Hubei",NA,56.474,741.51,2174.172,NA,NA,2439.60266,NA,NA
"633",2001,"Hunan",NA,71.671,741.51,1866.22,NA,NA,1880.81278,NA,NA
"634",2001,"Guangdong",NA,257.016,741.51,11130.59,NA,NA,120369.37858,NA,NA
"635",2001,"Guangxi",NA,51.845,741.51,1669.594,NA,NA,1225.54718,NA,2
"636",2001,"Hainan",NA,9.58,741.51,425.236,NA,NA,1191.4881,NA,NA
"637",2001,NA,NA,NA,741.51,NA,NA,NA,NA,NA,NA
"638",2001,"Chongqin",NA,36.678,741.51,1016.256,NA,NA,1250.72662,NA,NA
"639",2001,"Sichuan",NA,70.976,741.51,2590.93,NA,NA,2113.62712,NA,NA
"640",2001,"Guizhou",NA,36.019,741.51,911.732,NA,NA,440.8789,NA,NA
"641",2001,"Yunnan",NA,76.12,741.51,1726.982,NA,NA,1356.34796,NA,NA
"642",2001,"Xizang",NA,1.833,741.51,52.057,NA,NA,63.36462,NA,NA
"643",2001,NA,NA,NA,741.51,NA,NA,NA,NA,NA,NA
"644",2001,"Shaanxi",NA,69.084,741.51,1260.612,NA,NA,1406.284,NA,NA
"645",2001,"Gansu",NA,37.178,741.51,644.463,NA,NA,531.19616,NA,NA
"646",2001,"Qinghai",NA,8.786,741.51,182.002,NA,NA,139.7418,NA,NA
"647",2001,"Ningxia",NA,9.68,741.51,264.603,NA,NA,363.34914,NA,NA
"648",2001,"Xinjiang",NA,41.201,741.51,904.076,NA,NA,1208.14936,NA,NA
"649",2000,"Beijing",NA,101.923,1042.28,3340.576,NA,NA,33842.12898,NA,7
"650",2000,"Tianjin",NA,37.624,1042.28,1289.301,NA,NA,11699.028,NA,NA
"651",2000,"Hebei",NA,118.147,1042.28,2316.463,NA,NA,3572.73884,NA,NA
"652",2000,"Shanxi",NA,50.817,1042.28,1073.445,NA,NA,1203.30716,NA,NA
"653",2000,"Inner Mongolia",NA,36.734,1042.28,897.365,NA,NA,1788.2381,NA,NA
"654",2000,NA,NA,NA,1042.28,NA,NA,NA,NA,NA,NA
"655",2000,"Liaoning",NA,127.109,1042.28,2809.789,NA,NA,12979.46936,NA,NA
"656",2000,"Jilin",NA,44.389,1042.28,974.186,NA,NA,1753.02644,NA,NA
"657",2000,"Heilongjiang",NA,108.947,1042.28,1719.676,NA,NA,2036.70434,NA,NA
"658",2000,NA,NA,NA,1042.28,NA,NA,NA,NA,NA,NA
"659",2000,"Shanghai",NA,111.301,1042.28,4741.682,NA,NA,37310.86964,NA,NA
"660",2000,"Jiangsu",NA,162.162,1042.28,4290.523,NA,NA,31123.99752,NA,1
"661",2000,"Zhejiang",NA,153.498,1042.28,3266.635,NA,NA,18981.84684,NA,3
"662",2000,"Anhui",NA,48.925,1042.28,1681.568,NA,NA,2282.54488,NA,NA
"663",2000,"Fujian",NA,64.036,1042.28,2149.309,NA,NA,14472.35372,NA,NA
"664",2000,"Jiangxi",NA,34.159,1042.28,1047.231,NA,NA,1107.6021,NA,NA
"665",2000,"Shangdong",NA,195.281,1042.28,4363.997,NA,NA,17043.01632,NA,NA
"666",2000,NA,NA,NA,1042.28,NA,NA,NA,NA,NA,NA
"667",2000,"Henan",NA,95.03,1042.28,2304.503,NA,NA,1556.9378,NA,NA
"668",2000,"Hubei",NA,59.955,1042.28,1955.452,NA,NA,2197.99052,NA,NA
"669",2000,"Hunan",NA,68.341,1042.28,1576.554,NA,NA,1713.33404,NA,2
"670",2000,"Guangdong",NA,210.14,1042.28,8820.564,NA,NA,116007.43616,NA,NA
"671",2000,"Guangxi",NA,62.29,1042.28,1307.27,NA,NA,1387.04478,NA,NA
"672",2000,"Hainan",NA,8.132,1042.28,381.053,NA,NA,878.32052,NA,NA
"673",2000,NA,NA,NA,1042.28,NA,NA,NA,NA,NA,NA
"674",2000,"Chongqin",NA,67.373,1042.28,2224.145,NA,NA,1217.9838,NA,NA
"675",2000,"Sichuan",NA,28.658,1042.28,835.629,NA,NA,1735.8264,NA,NA
"676",2000,"Guizhou",NA,32.141,1042.28,771.791,NA,NA,450.10636,NA,NA
"677",2000,"Yunnan",NA,75.593,1042.28,1604.313,NA,NA,1236.30232,NA,NA
"678",2000,"Xizang",NA,1.607,1042.28,44.598,NA,NA,88.87142,NA,NA
"679",2000,NA,NA,NA,1042.28,NA,NA,NA,NA,NA,NA
"680",2000,"Shaanxi",NA,65.399,1042.28,1066.023,NA,NA,1459.53456,NA,NA
"681",2000,"Gansu",NA,35.065,1042.28,555.751,NA,NA,388.41946,NA,1
"682",2000,"Qinghai",NA,7.307,1042.28,148.671,NA,NA,108.93586,NA,NA
"683",2000,"Ningxia",NA,7.662,1042.28,199.232,NA,NA,302.07144,NA,NA
"684",2000,"Xinjiang",NA,40.042,1042.28,747.899,NA,NA,1544.07528,NA,NA
"685",NA,NA,NA,NA,NA,NA,NA,NA,NA,NA,NA
"686",NA,NA,NA,NA,NA,NA,NA,NA,NA,NA,NA
"687",NA,NA,NA,NA,NA,NA,NA,NA,NA,NA,NA
"688",NA,NA,NA,NA,NA,NA,NA,NA,NA,NA,NA
"689",NA,NA,NA,NA,NA,NA,NA,NA,NA,NA,NA
"690",NA,NA,NA,NA,NA,NA,NA,NA,NA,NA,NA
"691",NA,NA,NA,NA,NA,NA,NA,NA,NA,NA,NA
"692",NA,NA,NA,NA,NA,NA,NA,NA,NA,NA,NA
"693",NA,NA,NA,NA,NA,NA,NA,NA,NA,NA,NA
"694",NA,NA,NA,NA,NA,NA,NA,NA,NA,NA,NA
"695",NA,NA,NA,NA,NA,NA,NA,NA,NA,NA,NA
"696",NA,NA,NA,NA,NA,NA,NA,NA,NA,NA,NA
"697",NA,NA,NA,NA,NA,NA,NA,NA,NA,NA,NA
"698",NA,NA,NA,NA,NA,NA,NA,NA,NA,NA,NA
"699",NA,NA,NA,NA,NA,NA,NA,NA,NA,NA,NA
"700",NA,NA,NA,NA,NA,NA,NA,NA,NA,NA,NA
"701",NA,NA,NA,NA,NA,NA,NA,NA,NA,NA,NA
"702",NA,NA,NA,NA,NA,NA,NA,NA,NA,NA,NA
"703",NA,NA,NA,NA,NA,NA,NA,NA,NA,NA,NA
"704",NA,NA,NA,NA,NA,NA,NA,NA,NA,NA,NA
"705",NA,NA,NA,NA,NA,NA,NA,NA,NA,NA,NA
"706",NA,NA,NA,NA,NA,NA,NA,NA,NA,NA,NA
"707",NA,NA,NA,NA,NA,NA,NA,NA,NA,NA,NA
"708",NA,NA,NA,NA,NA,NA,NA,NA,NA,NA,NA
"709",NA,NA,NA,NA,NA,NA,NA,NA,NA,NA,NA
"710",NA,NA,NA,NA,NA,NA,NA,NA,NA,NA,NA
"711",NA,NA,NA,NA,NA,NA,NA,NA,NA,NA,NA
"712",NA,NA,NA,NA,NA,NA,NA,NA,NA,NA,NA
"713",NA,NA,NA,NA,NA,NA,NA,NA,NA,NA,NA
"714",NA,NA,NA,NA,NA,NA,NA,NA,NA,NA,NA
"715",NA,NA,NA,NA,NA,NA,NA,NA,NA,NA,NA
"716",NA,NA,NA,NA,NA,NA,NA,NA,NA,NA,NA
"717",NA,NA,NA,NA,NA,NA,NA,NA,NA,NA,NA
"718",NA,NA,NA,NA,NA,NA,NA,NA,NA,NA,NA
"719",NA,NA,NA,NA,NA,NA,NA,NA,NA,NA,NA
"720",NA,NA,NA,NA,NA,NA,NA,NA,NA,NA,NA
